"Неугомонные. Чудесную новость на лопате принесли под праздники: Великобритания презентовала создание военно-морского Альянса против России. Об этом набуровил три бочки арестантов начальник Королевских ВМС, адмирал Гвин Дженкинс, сообщивший: ныне существующие Объединённые Экспедиционные Силы (The Joint Expeditionary Force, JEF) будут преобразованы «в более интегрированное Партнёрство Северных Флотов».";1
"А к имеющимся в JEF скоттам, голландцам, скандинавам, финнам и прибалтам добавится Канада. И новая могучая кучка станет боронить от злокозненного Русского Мордора в эльфийскую Северо-Западную Европу, Северную Атлантику, Крайний Север. Соответствующее Заявление о Намерениях якобы уже подписано всеми командующими ВМС, они теперь разрабатывают подробные предложения о новом военно-морском Партнёрстве Флотов.";1
"На недоумённые вопросы «а как же НАТО», скоттский адмирал призвал добрых людей не волноваться, поскольку «новая структура будет тесно связана с Альянсом, она его дополнит и не станет дублировать». А сама суть образования под командованием островитянки — это более глубокая интеграция балтийских и прочих европейских северян «для более надёжного сдерживания России на открытой морской границе», конец цитаты.";1
"Как водится, риторические вопросы. В 2014-м, после известных крымских событий, были образованы те самые экспедиционные JEF быстрого реагирования из Великобритании, Нидерландов, Дании, Финляндии, Исландии, Норвегии, Швеции, шпротных архиепископств. Поляки, кстати, наотрез отказались. Штабная структура окопалась в Нортвуде (Истбери, Хартфордшир, пригород Большого Лондона), где находится штаб-квартира командования военно-морских натовских Сил. Там и потерялась полностью, до лета 2018-го лишь «согласовывала оперативное взаимодействие».";1
"Четыре года. Решив, что будет «действовать самостоятельно, в поддержку НАТО или других совместных инициатив типа миротворческих сил ООН». Если быть точным, то JEF заменили благополучно подохшие на финансовой бескормице Объединённые Силы быстрого реагирования (JRRF) островитян, не потянувших содержание сводного Отряд Специализированных Подразделений трёх видов войск. Для развёртывания Экспедиционных Сил по облику американских. В течение 72-x часов в любой точке планеты.";1
"Что можно сказать о «Нортвудском НАТО», существующем с 2014-го года и теперь преобразуемом в Партнёрство Северных Флотов? Ничего. Вообще. Провели семь Саммитов, причём первый пришёлся... аж на 2022-й год, до той поры о JEF слыхом не слыхивали даже искушённые военно-морские аналитики. Учений и слаживаний не проводилось, а что якобы были — исключительно в рамках малых флотилий и групп морских спецназов трёх-четырёх государств JEF на ежегодных упражнениях НАТО с 2017-го. Доктринальных документов не публиковалось, даже фамилии «командующих» JEF под тиной скрывались, настолько секретен тот могучий Альянс был. Без бюджета, кстати.";1
"То есть, имеем полностью интегрированную в структуру Альянса «бумажную институцию» без всякой самостоятельности, но с организационно-штабной структурой в Лондоне. Спящей. Но регулярно вывешивающей флаг Объединённых Экспедиционных Сил на всех балтийских учениях Альянса против Калининграда, хотя отдельных задач им не нарезают.";1
"Ибо американцы в глаза не видели в полном сборе то 10-титысячное воинство Нортвудского НАТО даже на командно-штабных играх. Если рассуждать с точки зрения военной науки, то янки старательно и демонстративно отделяют JEF от Объединённого военно-морского Командования (MARCOM) всех военно-морских сил Альянса. В переводе, от частной инициативы островитян. впихнувших свой новый штаб именно в натовский Нортвуд, явно желая на чужом горбу кататься и строить свои планы под прикрытием.";1
"Теперь вот Канаду подтягивают (враждебную США) и внимание... намерены осенью 2026-го провести учения «северного фланга» (теперь Партнёрство Флотов) с водоплавающими куренными казачками. С дирекцией на Русскую Арктику, если верить помойной скоттской прессе. Где могут соприкасаться причерноморская гетманщина и оперативная зона «Североморск»... никто толком не понимает из военных экспертов, но факт остаётся фактом.";1
"Вполне объяснимым и даже логичным. Вопрос дозрел, как говорится. Речь о британо-норвежской Коалиции «поддержки Украины на море». С 2023-го года занятой созданием ВМС гетманщины за пределами одичавшей территории и Чёрного моря. Там уже много чего любопытного наблюдается. Начиная с двух противоминных тральщиков типа «Sandown» (ныне M310 «Чернигов» и M311 «Черкассы»), подаренных с королевского военно-морского плеча из состава Флота, заканчивая неустановленным числом малых ракетно-артиллерийских катеров «москитного флота», способных действовать на мелководье.";1
"Эти скоростные (40 узлов) 60-тиметровые поганцы планировались к доставке через Европу в конце 2025-го, дабы дополнить спущенный с турецких стапелей корвет F 211 «Гетман Иван Мазепа» типа Ada, но данное корыто исчезло с радаров после ходовых испытаний, где сейчас находится — неизвестно. Бают, что-то по системам вооружений не клеится, особенно ракетным.";1
"Не суть, поскольку что-либо тащить в Чёрное море наши заклятые партнёры не намерены, они обсуждают «передачу» под жовто-блакитные тряпочки на клотиках старые корветы и даже эсминцы из состава Северных Флотов с ускоренной программой строительства безэкипажных катеров.";1
"Пробы пера уже состоялись, «неустановленные террористы» атаковали в Средиземноморье наши гражданские суда, стартуя от берегов Ливии или спущенные с сухогрузов под нейтральными флагами. Ожидать расширение подобной деятельности в балтийских и северных водах — лишь вопрос времени. А наблюдать особенно пристально придётся не за Поганым Островом, а норвежскими фьордами и финскими шхерами, скорее всего.";1
"Две недели назад в Осло принимали пана гетьмана, и тамошний премьер-министр очень просил размещать в приоритетном порядке именно в Норвегии производство морских и воздушных дронов, желательно «с передачей практического опыта их применения против России».";1
"На что местная пресса поделилась «утечками из правительственного окружения Йонаса Гара Стере»: криворожский паяц обсуждал создание в Норвегии совместной учебно-тренировочной военной базы. Кто кого муштровать будет — вопрос открытый, но тресковые военно-морские эксперты говорят другое. Водоплавающих гетманских уже массово привечают на военно-морской базе Королевского ВМС «Camp Viking» («Лагерь викингов») подле города Тромсё. С самого конца 2023-го, как только данный Центр Спецназов британских береговых групп быстрого реагирования (LRG) открылся.";1
"А сегодня через него пропускают до двух тысяч «иностранных специалистов» в год. Удобное место. Тихое. Удалённое от средств разведки и мониторинга. Полностью контролирующее выход из Датских проливов. А если под боком развернуть промышленную площадку для изготовления БпЛА и БЭК под прикрытием Партнёрства Северных Флотов — узелки могут завязаться любопытные. Не Гордиевы, конечно, ибо строить реальные козни с ущёрбом нашим Флотам или судоходству — это сasus belli высшей пробы.";1
"Но когда островитян подобные вещи заботили. Они эсминец без регулярных ЧП вывести в море не могут. Не говоря об авианосной группе с ордером под суверенным «White Ensign» на флагштоках. Нанимают для натовских учений сборную флотскую солянку северных холуёв для сопровождения, (о, позор!) даже колбасников привлекая. Топленных-перетопленных в ХХ веке.";1
"Дисклеймер: даю письменное подтверждение, что не выступаю наймитом кино-продакшена, агентом ИРИ (Институт развития Интернета) или Правительства Татарстана. У последнего с вышедшему сериалу «Слово пацана. Кровь на асфальте» отношение сложилось особое, в разделе «запретить эту похабень!» обретающееся. Неделю мучился и вяло отбивался от знакомых, настоятельно просивших данный кино-шедевр глянуть хоть одним глазком и публично высказаться. Хорошо. Глянул вчера. Именно одним. Три серии одолел, дальше продолжать не намерен. Без внятного объяснения причин, просто «не зашло». Вкусовщина кирзового сапога, так бывает. Но сказать есть что.";2
"Кинокритик из автора ... как из Надежды Бабкиной – олимпийская чемпионка по художественной на бревне, если честно. С давних лет фанат документалистики и военно-исторических фильмов. Из отечественных художественных сериалов, просмотренных от корки до корки – «17 мгновений весны» и «Ликвидация», список западного продукта примерно такой же длинны: «Карточный домик» да «Игры престолов» (вполглаза на перемотке, если начистоту). Чтобы не интриговать – ностальгии по концу 1980-х не испытал от просмотра «Слова пацана», хотя несколько кристально правдивых сцен и так называемых «пасхалок» подметил, респект сценаристам – порадовали.";2
"Освежили воспоминания. Гардероб того времени улыбнул, тонкости взаимоотношений разных возрастов и полов, антураж советских квартир и дворов, общественный транспорт и тд. За то твердая «пятёрка», как и за подбор актёров – убедительные образы, смутно узнаваемые. Именно смутно, поскольку в своём отрочестве «уличные банды» мимо прошли, школа олимпийского резерва, интернат, да дедова казачья нагайка и навек усвоенный урок на предмет уличных массовых драк: за что именно кровь на асфальт или сырую землю свою и чужую должно настоящему мужику проливать.";2
"Теперь о так называемой «пропаганде уличного насилия», о которой с пеной у рта лаются морализаторы и запретители на казённом коште. Находя в сериале растлевающий или побуждающий к насилию фактор. Господам думным боярам да дьякам, городничим иже с ними хочу напомнить – песня старая, ещё со времён сериала «Бригада» (не смотрел, сразу говорю) заезженная. Когда дело не в романтическом флёре криминалитета, а общей недалёкости чиновников-охранителей. Путающих причины и следствия по несколько раз на дню.";2
"Подросток, если оставлен без круглосуточного контроля общества и родителей – не сериалы смотрит, он свои дикие порядки устанавливает, либо становится подверженным стороннему влиянию. Персонажей, которые тоже время перед телевизором крайне мало проводят. А устраивать пиар-перфомансы с воплями «запретить!» – расписываться в идеологической, законодательной и административной импотенции государева человека. Абсолютно бесполезного в практических методах «воспитания подрастающего поколения». Способного предложить разве что кнут на конюшне, стерильное информационное поле и пять часов партсъезда каждый вечер. Проходили. В сериале – результат.";2
"А современный агрессивный подросток не «Словом пацана» воспитан, а компьютерной игрой GTA, если кто из казённых людей не в курсе. Там такой треш и угар на уровне когнитивной диверсии или специальной военно-психологической операции – туши лампады, иконостас «спасите нас» и беги куда глаза глядят. А сериал ни плохой, ни хороший – он вообще про другое. Во-первых ... по редкий случай «вирусного маркетинга». Когда специально не подстроишь, денег не заплатишь и не объяснишь вспышку почти иррационального интереса аудитории к медийному продукту.";2
"Такое случается на стыке «культур», общепринятой, богатой, подверженной манипуляциям «продакшена» – и протестной. Популярность «Крови на асфальте» именно из этой серии, сериал ведь большей частью смотрят не добрые советские люди, для которых каждая сцена – воспоминания о реальных или почти реальных событиях. «Вирусность распространения» теле-продукта обеспечивают поколения, с советской улицей не сталкивавшиеся, правда ведь? Так что молодёжь цепляет в сериале ... туманные рассказы родителей, опасная героика «лихих девяностых» или что другое?";2
"Отвечу – другое. Именно поэтому сериал и не «зацепил». И не мог, поскольку Ваш покорный слуга жил в правильном советском мире, где люди очень много работали, умели со вкусом по-простецки отдохнуть и не раздражались на идеологию. Относились к ней нейтрально, как ... к воде в кране или снегу на Новый Год. А была и другая действительность, где так называемые «советские ценности» встречали почти озлобленное отношение. Справедливое отчасти, поскольку не имели с реальностью общего. Подросток, приходящий во взрослую жизнь или на пороге оной такое чувствовал небывало остро. «Перемен требуют наши сердца» – вот и весь лозунг того стихийного подсознательного движения. С крайними формами уличного беспредела.";2
"Именно тогда расцвел «лагерный фольклор» и тюремная романтика, как форма социальной неопределённости – появились в почти каждом городе подвалы-качалки и формы самоорганизации дворовой шпаны, до которой больше не могли достучаться учителя, комсомольские вожаки, ветераны в блеске боевых орденов, мумии с экранов телевизоров. Сердца требовали перемен, вот на какое-то время отдушина и открылась в уличной суб-культуре. Где хоть «слово пацана» свято держалось, раз вокруг стало много лжи.";2
"Именно на этом подсознательном и начала строиться новая идеология «девяностых», общество развалилось на миллионы ячеек, скрепы коллективизма советского общества в один день рассыпались ржавчиной, а экономика устремилась в крутое пике. «Слово пацана» для своих стало бизнес-моделью, его давали друг другу «братки» и бывшие комсомольские вожаки, руководители страны и столоначальники, начав на всех уровнях делить власть, собственность или крышевать её. Вылезшая из каких-то помоек «культурка» самозабвенно снимала бесконечные «бригады» или «ментов», из каждого магнитофона хрипели шансонье, а на «Голубых Огоньках» начали появляться настоящие голубые. Круг замкнулся, но люди ждали не таких перемен.";2
"Они оказались сами заключены в многосерийную «криминальную драму», часто теряя моральные ориентиры, становясь из профессора консерватории трамвайным хамом. А мерилом народного успеха становились те самые, персонажи из «Крови пацана», бывшие чушпаны. Волею обстоятельств ставшие «мотальщиками», а потом выжившие и напялившие красные пиджаки с золотым крестом на всё пузо. Сохраняя вокруг колорит своего становления в уличных группировках, дерущихся «за своё». Свою улицу, двор, микрорайон, гаражный кооператив, рынок, город, область, отрасль ... страну.";2
"Это просто стихия, редкое социальное явление на стыке эпох в неспокойные времена. Российская Империя в 1917-ом переживала такое, потом было мучительное похмелье 1920-х с разгулом небывалого бытового озлобления, бандитизма и уличной преступности. Даже после Великой Победы на короткий миг вспыхнуло, да многоопытный товарищ Сталин так прикрутил гайки, что даже ветераны-орденоносцы с желанием «перемен в сердцах» притихли. Чертыхнулись, прошипели «ну его к бису», отстроили страну за кратчайшие сроки. Чтобы на склоне жизни опять увидеть поиск справедливости на улицах, то в кровавых уличных драках, то раздутой лагерной романтике.";2
"В которой нет очарования, но присутствует правда жизни. Трагедия, раскручивающаяся по спирали и вбирающая в свою воронку новые жертвы. Подсознательно протестующие против официальной лжи, реформ, обрушения человеческой жизни и быта. Россия полтора десятка лет выкарабкивалась из того болота, вот почему сериал популярен. Для переживших – любопытством заглянуть в своё прошлое, для непричастных – чувством заглянувшего в замочную скважину. Дабы понять смысл назиданий своих «предков» о каких-то непонятных «лихих девяностых». Выросших из «уличных восьмидесятых».";2
"«Вирус» популярности среди молодёжи тоже объясним, поскольку показывает неизвестную нашему времени странную сплочённость больших коллективов. Примитивную, под чутким контролем отвратительных персонажей-уголовников, манящих и непонятных. Явление вообще-то мировое, Америка уже пережила свою «Кровь пацана», создав уголовную романтику чернокожих банд Гарлема. Сегодня это многомиллиардная индустрия: стиль одежды и образ жизни, музыка, сериалы, голливудские блокбастеры, манера поведения и даже собственный язык. С вишенкой на тортике – уродливым «Black Lives Matter», ставшим инструментом внутренней репрессивной политики.";2
"Миф. Вот в чём секрет популярности подобных продуктов. Простой ответ на сложные вопросы. Если тебя якобы угнетает полицейская и репрессивная государственная система, нет «свободы самовыражения», а деньги находится в неправильных руках – всегда вскипает муть примитивной самоорганизации, как средства неосознанного протеста, неформального общения и даже самовыживания. И чем навязчивее политика правящих групп, тем привлекательнее Робин Гуды. Особенно из своего двора.";2
"«Ведущие непримиримую войну», что для неокрепшего ума является сработавшим запалом в гранате. Не случайно же, лидерами советских уличных банд часто становились ветераны-афганцы, приносящие гарь Кандагара и Герата с порой извращёнными «понятиями» боевого братства в заснеженные сибирские города, пригороды Москвы, рабочие посёлки ...";2
"Уверен, в комментариях мнения аудитории разойдутся по разным непримиримым полюсам. Кто-то в данном откровенно средненьком по художественной ценности сериале увидит «вражий поклёп на советское прошлое», а кто-то узнает свой город и даже себя. Правы будут все, поскольку правда всегда где-то посерёдке обретается. С формальным отношением советской школы к воспитанию, разгулом тюремной романтики, общей усталости от заплесневелой сусловской говорильни, начавшимися сложностями в советской экономике – всё тут правда. Как и с формами стихийного молодёжного протеста: от подпольных рок-клубов, мечт о сладком Западе, до диких уличных стай «Слова пацана». Где есть место всему, даже нежной романтике и простым человеческим чувствам, которые не придумаешь.";2
"Отвечу Читателю «Арсению К.», вымучившего автора вопросом всю прошлую неделю: посоветуете сериал к просмотру молодым людям или категорически нет? Ответ – с возрастным ограничением «18+» посоветую. Только с обязательным пояснением. Смотрите и знайте, что случается, когда общество смертельно заболевает, лишившись традиций прошлого социального или идеологического коллективизма. Когда Советский Союз подхватил ту холеру – пусть историки спорят, но уличные банды «районов» разрастались прямо пропорционально деградации общественной ткани, лично подтверждаю.";2
"Запрещать или пропагандировать «Кровь на асфальте» нет смысла, там нет романтики или правильного жизненного курса для молодых людей. Но не найдётся (в трёх просмотренных сериях) вражеского умысла очернить советское прошлое, подтолкнуть неокрепшие умы к деструктивному поведению. Обычная «таблетка памяти», ничего больше. Таким лекарством был легендарный «Брат-1/2», напомнивший ошалевшим «россиянам» о Родине и правильном к ней отношении. Наверное, столь же горькой микстурой была «Бригада». О настоящей дружбе взрослых ответственных за себя мужчин, если правильно услышал критические и восторженные рецензии на сериал.";2
"Так что ... если спросят «смотреть/не смотреть» пацанское слово окровавленное – обязательно посоветую первое. Без завышенных ожиданий об игре актёров, режиссуре, построении кадра, тем более – спецэффектов. Обычный и привычный (увы) продукт, неожиданного ставший «вирусным». Без глубокомысленных рассуждений о «задетых струнах души».";2
"«Слов пацана» в самых разных обличьях у нас в телевизоре навалом. Как и попыток переснять «Особенности национальной охоты». Либо криминал, либо примитивный ржачЪ получается, правда – вот и вся российская киноиндустрия. Так что больше беспокоюсь не о победном шествии очередного «пацанского сериала», а о полном отсутствии нормального кино. Чтобы обвиняемые в «недосмотре за детьми» родители могли показать своим чадам что-то иное, чем затёртые до дыр советские картины и мультфильмы. Наснимаете талантливого продукта, господа запретители ... тогда и запрещайте что угодно. Dixi.";2
"Ох, поддели Читатели забавной темой, зная пытливый интерес автора к религиозной тематике. Ладушки, давайте сегодня от политики чуть в сторону свернём, хотя без неё даже в таком вопросе не обошлось. Итак, хохотал в голос от любезно отгруженной новости: депутат Госдумы Виталий Милонов потребовал признать экстремистской идеологию сатанизма, сделать это надо обязательно. Пример у нас уже есть: в прошлом году мы точно так же запретили ЛГБТ*», конец цитаты (*признано экстремистским и запрещённым).";3
"А инициатором подобной инициативы выступил председатель патриаршей комиссии РПЦ по вопросам семьи, защиты материнства и детства иерей Федор Лукьянов на заседании Общественной палаты РФ, предложив ввести уголовную ответственность за сатанизм. Не пояснив, что именно под «сатанизмом» РПЦ понимает, как его собирается идентифицировать (коллега ядовито пошутил: на глазок, скорее всего) и где «сатанисты» пропагандируют свои богомерзкие ценности. Одним словом – сплошной мрак израилев.";3
"СМИ нашей богоспасаемой, как ни силился найти глас и букву разума – с темы съехали. Штатных экзорцистов в редакциях не нашлось, либо они на «чёрных мессах» гулеванили, ироды такие. И вообще. Тема перезрела, надоело слушать даже от больших государевых людей эпитеты-штампы, смысл которых они не понимают. Коллективный Запад, мелкие бесы из политики, смешные и безграмотные поп-звёзды, пиарщики и продюсеры, либеральные интеллигенты, богоборцы и медийные ничтожества – все им «сатанисты». Глупая и опасная тенденция, помноженная на дремучем невежестве.";3
"Справка. Большая Советская Энциклопедия. САТАНИ́ЗМ, совокупность оккультно-религиозных учений, в широком смысле – основанных на поклонении богам, которые являются «источником зла»; в узком – напрямую противопоставляющих себя христианской морали и этике.";3
"Учение формируется вокруг образа дьявола (сатаны), созданного в иудео-христианской традиции, дополняя и развивая этот его образ, о чём свидетельствуют и главные символы С.: перевёрнутый крест, число 666, голова козла и др. В истории христианства сатанинскими часто называли еретические учения, признающие равнозначность существования мира добра и мира зла (катары, богомилы и др.).";3
"Культы, практикующие поклонение и ищущие защиты у дьявола, известны со Средневековья, но назвать точное время их зарождения невозможно. Формирование современных сатанинских учений начинается в 19 веке и связано с секуляризацией сознания, романтизацией образа сатаны в европейской культуре и отказом от христианской морально-правовой традиции. Сатанизм становится крайним выражением гедонизма и свободы от внутренних моральных ограничений. Современные сатанисты заимствуют идеи и ритуалы из языческих культов, практикующих поклонение «тёмным богам».";3
"Идеология и практика сатанизма связана с именем Э. А. Кроули (называвшего себя «зверем Апокалипсиса» или «зверем 666»), основателя общины «Аббатство телемических мистерий», где практиковались чёрная магия и демонические культы. Главная книга сатанистов – «Сатанинская библия», написанная в 1969 Антоном Шандором Ла Веем (1930–1997).";3
"Ла Вей является также создателем первой официально зарегистрированной сатанинской организации «Церковь сатаны» (США). Группы сатанистов, как правило, немногочисленны, не связаны между собой. Противоправные действия и элементы учения, характеризуемые как экстремистские, исключают возможность официальной регистрации сатанинских организаций. Учитывая закрытость культов и многочисленные мифы, созданные вокруг сатанизма, невозможно определить точное количество их адептов.";3
"Не погружаясь в научные хляби, сатанизм – это полная вседозволенность с яростным отрицанием христианства. Хотя профессиональные и глубокие сатанисты начнут возражать, академическим языком расставляя акценты: мы не дикие адепты мерзкого культа, а глубокие философы. Будут правы отчасти, но быть их адвокатом не намерен. Поскольку чёрного кобеля отмывать добела не получится. Особенно если он имеет ФИО, конкретно говорим об общепризнанном основателе сатанизма – Антоне Ла Вее, авторе «Сатанинской библии». С главной целью культа – уничтожением христианства.";3
"Как не трудно догадаться, истовый сатанист обязан следовать «заповедям». Их всего девять, перечислять не вижу смысла, первый сам за себя говорит: Сатана предлагает потворство плотским желаниям вместо ограничений. То есть, декларируется полный отказ от христианского воздержания, выдаётся разрешение человеку совершать все грехи. При условии (это важно), если они дают физическое, чувственное и эмоциональное удовлетворение. Вот почему любые Энциклопедии маркируют «сатанизм» инструментом идеологии гедонизма, теории и практики удовлетворения плотских наслаждений.";3
"Не очень далёкий «верховный служитель сатаны» Антон Ла Вей безбожно врал, простите. Эксплуатируя обычную тягу слабой человеческой натуры к запретным плодам. И ловко подменял понятия, называя «сатанизмом» желание следовать естественным инстинктам. Напирая на сексуальность более всего. Точно попав в дискуссию тех лет, когда западное общество яростно спорило о «непотребствах феминисток», демонстративно выходящих в свет едва ли не полуобнажёнными. Доставалось от Ла Вея всяким мутным евангелистам, методистам и прочим христианским рассольникам за их рекламные трюки для привлечения паствы: смазливые хоры милашек на службах, соблазнительные платья «монашек», музыкальный стиль «госпел» чернокожих приходов.";3
"То есть, удар наносился безошибочно, в самое сердце американского «продакшена», сделавшего христианство обычной субкультурой, социальной индустрией. С поэтапных избавлением паствы от «несовременных ограничений замшелой морали». Началось всё с сексуального раскрепощения, закончилось венчанием радужных «экстремистов» в католических приходах. Что такое «целомудрие» ... побойтесь Бога, вот и весь ответ сегодняшней Америки. Мистер Ла Вей тонко поймал в паруса «сатанизма» веяние времени, банально узурпировал дикую тягу хиппи к наркотикам и сексу. Сделав из всех видов извращений некий религиозный фетиш, напирая на «яркую индивидуальность» в повседневной жизни. Когда ума не хватает самовыражаться иначе.";3
"Говорить о «пришествии сатаны», как неком духовном разлагающем опыте поостерегусь, поскольку так называемая «сексуальная революция» 1960-1970-х гг. с тяжёлым анамнезом наркомании, Вьетнамской войной, бумом рок-музыки порой не самого лучшего качества, расцветом шоу-бизнеса ... много звёзд сошлось, дабы засияла самая чёрная. На фоне дискредитации института христианства, переживавшего кризис похлеще времён Лютера. Идеологи сатанизма смогли привлечь в свои ряды немало верующих людей с академическим образованием, для которых «Конец Мира» был очевиден.";3
"Как и неминуемое пришествие Антихриста. Трудно было благочестивой одноэтажной Америке не согласиться с творящимися тогда безобразиями. Мегаполисы наводнили расхристанные хиппи и рокеры, алкоголь, безудержный секс, наркомания, повальное увлечение магией, целителями, экстрасенсами и гадалками – вот портрет того времени. С глубочайшим политическим и социальным кризисом государства, США просто трясло после Карибского Кризиса, убийства Кеннеди, непонятного и кровавого Вьетнама.";3
"Как нам любезно сообщает Энциклопедия – «закрытость культов порождает многочисленные мифы». Чистая правда, и всякая газетная жуть со страниц «СПИД-Инфо» на 99% является обычной гажей. Сатанисты при ближайшем рассмотрении (имел личный опыт общения, если что) – люди странные, в чём-то нездоровые. К жертвоприношениям, потрошению могил, веры в любую ипостась Сатаны (плотскую или нематериальную) – отношения не имеющие, если не брать откровенных сумасшедших, извращенцев, асоциальных типов с декадентами и деградантами. С дикими инициациями-посвящениями, как принято в лучших университетах Великобритании и США.";3
"Рядовой сатанист исповедует «саморазвитие» и не признаёт моральные законы христианства, не верит в ниспосланные Свыше заповеди, а бытовую и социальную распущенность считает формой самовыражения. Очень таясь, тщательно придумывая себе «вторую жизнь». На деле, все эти секты сатанистов – обычные сходки, стилизованные под оргии и «чёрные мессы» для снятия неуверенности, сексуального напряжения. Гнилая клубничка с изюминками.";3
"Как только с подобными персонажами начинаешь говорить с глубоким знанием базы, то быстро разочаровываешься. Подавляющее большинство даже трудов идеологов сатанизма не читали, что говорить об оккультизме, философии, религиоведении, истории христианства с его сектантством. Несколько дурацких брошюр, сидение по закрытым интернет-чатикам с такими же неудачниками по жизни, нездоровая тяга к сексу и лёгким наркотикам – вот вам портрет «страшного сатаниста». Обычного трусоватого овоща с бледной кожей жителя мегаполиса. С нездоровой тягой к оккультизму самого дрянного пошиба.";3
"Нет, вам обязательно скажут: сатанисты отрицают устаревшие догмы христианства, оспаривают понятие «абсолютной морали», культивируют в себе индивидуализм. Полная чушь и лабуда. Обычный инстинкт сбиться в стайку себе подобных, чувствовать причастность к «тайной организации», добровольно стать заложником волнующих обстоятельств – вот глубинные причины бытового сатанизма. Без каких-либо исторических знаний о религиозном смысле символа Падшего (или Низвергнутого) Ангела.";3
"Сатанизм с научной точки зрения – лютая мешанина заимствований оккультных идей, где главная цель – максимально уродливо противопоставлять данную идеологию христианству. Гипертрофированный эгоизм – как архетип, сиюминутные ценности, страсти и намеренный грех. Обычное общество потребления во всей красе с его нигилизмом, индивидуализмом, прагматизмом, эгоизмом. В самых запущенных случаях – да, социальная опасность недоразвитых духовно персонажей, для кого культ силы бывает побудительным для совершения противоправных действий. Но это большая редкость.";3
"Можно считать сатанизм религией? Категорически нет, поскольку эсхатологической концепции здесь не существует, как и понятия загробной жизни с Раем и Адом. А есть только ритуалы, один другого смешнее. Сплошной косплей с реальных и выдуманных практик. Привлекательных для неофитов «таинственностью». На деле – наркотиками, галлюциногенными напитками, костюмированными шоу. Нужными для высвобождение низменных человеческих страстей по образу вакханалий античного периода (групповые оргиастические действия). С «клубничкой» дикого богохульства, осквернения религиозных книг, предметов культа. Первоначальный шок, психоз, потом развивающийся в зависимость регулярно испытывать «острые ощущения».";3
"Возвращаемся в исходную точку, инициативе г-на Милонова приравнять «сатанизм» к экстремистскому ЛГБТ. То есть, некоему движению, угрожающему национальной безопасности, несущему потенциальную угрозу обществу. Первая эмоция любого «экзорциста», как только он столкнётся в пыточном подвале со средневзвешенным сатанистом – будет лютое разочарование. Если борец с нечистым обладает навыками психолога, то мгновенно поймёт: уверенности в существовании Князя Тьмы там нет.";3
"Как и обладанием мистической власти над другими людьми. А есть наркотические галлюцинации на «чёрных мессах», неадекватная оценка действительности, полная или частичная аморальность пациента. Что является, вне всякого сомнения, почвой для уголовных преступлений, но не фактом их совершения. Деяния тронувшихся умом малолетних [censored], порой попадающие на страницы помойных таблоидов, редко являются предметом судебных разбирательств. Отвлекают доблестную полицию по статьям «осквернение», «почва имущества», «оскорбление чувств верующих».";3
"Но чаще всего дела разваливаются после проведения психиатрической экспертизы, либо идут по кривой дорожке «употребление и распространение» запрещённых препаратов. Где тоже часто разваливаются, поскольку корыстного интереса фигуранты «сатанинских организаций» к подобного рода деятельности не испытывают. А на своих сходняках банально компенсируют жизненные неудачи или личную неуверенность не самым моральным поведением. Судить таких бедолаг? За что? Уже наказаны, как на личный вкус.";3
"Тем более, многие так называемые «сатанисты» мирно сидят себе на «тайных ресурсах» Интернета, перебрасываются видосиками и картинками самого мерзкого содержания, сутками напролёт обсуждают выдуманные пентаграммы, спорят о жертвоприношениях, смакуют подробности ритуалов «чёрных месс», оргий и прочего непотребства. Никогда не принимая участия в подобных мероприятиях. Интеллектуальный уровень таких сообществ может быть разным, а глубинные причины вовлечения невежественных людей или будущих пациентов с нездоровой психикой – до конца не изученными.";3
"Единицы из «сатанисткой среды» целенаправленно идут до конца, желая добраться до человеческой кровушки, вступая в ультранационалистические и профашистские организации, это тоже правда. Пройдя все этапы «инициации» в тайных оккультных организациях, поднимая на знамёна уже политические, религиозно-экстремистские лозунги. Единицы. А ступившие на путь уголовных преступлений, любители мучить животных или угрожать жизни людей – сотые доли процента от общей массы так называемых сатанистов.";3
"Господину Милонову и прочим гражданам, обожающим вворачивать громкое словечко в словесные эскапады, нужно помнить: сатанизм исключительно духовное явление, а причины его возникновения – душевные. С давних времён поклонение «тёмным богам» считалось атавизмом, побочный продуктом эволюции и развития человеческого общества. Но, никогда подобные духовные и душевные хвори не становились идеологией, философской системой, даже психологическим феноменом. Поскольку базировались на тупом отрицании существующей модели «светлых божеств», какая тут философия?";3
"После мирового торжества авраамических религий таким демонопоклонникам пришлось уползти в глухое подполье, дабы не поплатиться жизнью и здоровьем. Современный «терпимый мир» разрешил им вернуться, пропагандировать свои нехитрые плотские идеи.";3
"Депутату Государственной Думы, как и представителям РПЦ стоит знать, что в России «сатанизм» преследуется по закону. Как только наиболее борзые поклонники тёмных сил выползают из своего смрадного интернет-мирка и начинают организовывать псевдо-религиозные тоталитарные секты.";3
"Громятся они на раз-два, порой не попадая на страницы газет, поскольку замешаны на полной безыдейности, противоправных действиях, наркотиках, сексуальном насилии над неофитами. Банальная уголовщина. А если смотреть на «сатанизм», как на полновесную идеологию или религию – ступайте в Америку начала 1960-х и вникайте в глубинные причины явления.";3
"Настоящий «сатанизм» (бесплатно дарю будущим экзорцистам) появляется только после зримых и очень серьёзных сдвигов в общественном менталитете. США сначала прошли стадию «Красного Мятежа» (общественное движение по отделении Церкви от государства, изъятие религиозных представителей из государственных школ, прочих социальных учреждений). Потом случился «Чёрный Мятеж», когда баптистский проповедник Мартин Лютер Кинг в середине 1960-х сформулировал и успешно обособил этническую религиозность чернокожих, на той базе призывал к социальному равенству.";3
"И третий этап, он же «Зелёный Мятеж» эпохи хиппи и рокеров, требовавших (хорошенько загрузившись марихуаной) сексуального освобождения, стихийно бросавших вызов общественной христианской морали. Глубоко подсев на практики восточного мистицизма с его галлюцинациями, лёгкими и тяжёлыми наркотиками, медитациями, обожествлением бесчисленных «гуру».";3
"Пройдя три этапа слома нравственно-общественных норм морали, Америка принимает решение быть «терпимой». К чернокожим, воинствующим атеистам, нигилистам, горячим сторонникам гедонизма и нравственного релятивизма. Все три «Мятежа» сошлись в одной точке, сформировав общественно-политическое движение среди элит и активной молодёжи «New Age» (Новый Век) с девизом «Делай своё собственное дело». Без традиционных замшелых религий, с абсолютной терпимостью к любым «нетрадиционным взглядам». Нахлобучив сверху «чувство вины», главное достижение «Чёрного Мятежа».";3
"Так Америка стала конфессионально полиморфной территорией с деградирующими оазисами былой показной религиозности. Как следствие, немедленно был сформирован «рынок культовых услуг», где опытные маркетологи и предприниматели от религии построили широкий прилавок «выбора продукта». Не берусь оценивать качество того ширпотреба, ибо брезгую, но именно на том диком базаре появился наш «сатанизм».";3
"Неокульт, очень ограниченный, но захвативший свою часть обычного рынка расползающейся бездуховности и прагматического цинизма современного человека. Где даже традиционный вроде протестантизм больше не таил в себе ничего христианского, кроме ошмётков лексики евангельской духовности и нескольких обрядов с ритуалами. Но даже здесь «сатанизм» не взлетел, мгновенно расколовшись на «Церковь сатаны», «Международную ассоциацию ведьм и колдовства», «Зелёный орден», «Церковь последнего суда», «Международную ассоциацию люциферистов» и десятки других сект.";3
"Осторожнее со словами, господа и батюшки. Дабы не прослыть лютыми невеждами. Поскольку «сатанизм» в самом широком смысле поклонения «тёмным силам» никогда не мог вырваться из тщательно законспирированных изолированных сообществ по причине своей пугающей деструктивности, нормального человека любой культуры (от самой древней – до современной) отталкивающей извращённой мифологией и ритуалами.";3
"Есть чудесная и мудрая формулировка, придуманная самими «слугами Князя Тьмы» с критическим образом мысли и высоким IQ: «сколько сатанистов – столько и сатанизмов». В точку. Перевод – всяк с ума по-своему сходит. Натаскивая в стройное учение Кроули и Ла-Вейя всякий шлак, психические расстройства, галлюциногенный опыт, смачные фантазии извращенца. Многие учёные-религиоведы пытались продолжить определение «Сатанизм – это ...», но дальше классических Энциклопедий не продвинулись. Почему?";3
"Нет предмета разговора. А есть полубезумные гуру, мусорная свалка древних и нынешних псевдо-языческих культов (не хочу даже языческими их называть, там всегда соблюдается железный принцип баланса Добра/Зла), щедро унавоженные идеями в стиле «палец-пол-потолок» без попыток даже философию деструктивного характера приплести. Дон Кихотом быть приятно, наверное, господам депутатам и примкнувшим к ним охранителям нравственности. С ветряными мельницами сражаясь. Только помнить нужно, благородный идальго ... тоже чуть «не того» был. Изучайте матчасть.";3
"Благодарю за поступившие поздравления, хотя вчерашний день получился и трагическим. Но и зло-восторженным. Добрые русские люди обменивались открытками, карикатурами и мемами с изображением народной артистки Долиной, ободряя друг друга. Словно не гражданка Полина Лурье выиграла первый раунд в своей справедливой борьбе с «бабкой-скамщицей» Ларисой, а всё общество одержало некую принципиальную победу.";4
"Итак, Верховный Суд принял решение. Отменил три судебных акта в нижестоящих инстанциях, согласно которым абсолютно законная, со всех сторон чистая сделка купли-продажи квартиры народной артистки была признана недействительной. Постановлено: приобретенная жилплощадь принадлежит покупателю. Суду нижней инстанции приказано «незамедлительно» рассмотреть иск о принудительном выселении гражданки Ларисы из квартиры. Тему с «телефонными мошенниками», которым эстрадная дива передала умопомрачительное число миллионов, в рассмотрение судейские не приняли, как и психическое состояние «под давлением».";4
"Если не доказано, что приобретатель является частью мошеннической схемы – кто вам злой Буратино, пеняйте на себя. Тем более, нижестоящие суды очень странно подошли к толкованию ст. 167 Гражданского Кодекса, согласно которому сделка может признаваться ничтожной (недействительной) в ряде случаев, но стороны обязаны вернуться в состояние статус-кво до её совершения. Покупатель получает обратно деньги, продавец квартиру. Это и есть та самая бесстрастная Фемида, повитуха справедливости.";4
"Но, под ураган иррациональной порой ярости эпизод с Долиной попал именно в тот момент, когда деньги Полины Лурье должны отдавать ... мошенники, которые смогли непонятным образом элитарную бабушку Лору обвести вокруг пальца. Потому, когда суд первой инстанции (Хамовнический районный) выкатил решение, согласно которому «гражданка Лурье не лишена возможности предъявить требования о возмещении соответствующих убытков злоумышленникам» ... добрых русских людей разорвало.";4
"А уважаемые правоведы сквозь зубы прошипели «вы чавой творите, аспиды». Революцию затеяли? Перекладываете на добросовестного приобретателя правовую функцию нести ответственность за состояние головного мозга продавца? За действия, кои тот творит после получения денег? Отнёс мошенникам, перевёл в благотворительный фонд – то его сексуальные проблемы. Данные злокозненные лица не являются сторонами сделки! Она в другом правовом поле, как в параллельной Вселенной!";4
"Резонанс по делу Долиной получил детонационный эффект взлетевшего под небеса эшелона с тротилом, именно потому так взъярился добрый люд. В судах неожиданно оказались тысячи подобных исков, нарисовались теории заговора о застройщиках и барыгах первичного рынка жилья, а «жертвы мошенников» преклонных лет косяками устремились оспаривать давние сделки по блестящей формулировке «находился под тлетворным влиянием».";4
"Суды, памятуя о прецеденте, в подавляющем своём числе, становились на сторону «обманутых пенсионеров», буквально за год сформировав особую социальную группу. С точки зрения бесстрастного Закона – неадекватных и неспособных граждан. Коих ... просто жалко. Они ведь без жилья и денег остались, правда? Хотя второй вопрос всегда стыдливо замазывался, расходы несчастных обманутых бабушек после совершения сделок с недвижимостью никто не проверял. И странным образом – им было где жить.";4
"То есть, возник снежный прецедентный ком лютой похабени, когда суды первой инстанции ориентировались на решения коллег из Хамовников, апелляционных инстанций до Мосгорсуда. Столица же!";4
"Но тут случилось некое чудо. Не склонен преувеличивать мощное общественное давление и запредельный накал страстей, стоивший певунье Ларисе полной утраты репутации с бесчисленными проблемами ангажемента, параличом текущей концертной деятельности, но факт имеем – новый руководитель Верховного Суда Его Честь господин Краснов нашёл силы сделать «болевой на удержание» малёха обуревшей до полного изумления элитарной группе судейских. Начавших творить беспредел из середины 1990-х в надежде не бессловесность и равнодушие податного стада.";4
"Теперь по делу. Восторги о восстановлении Высшей Справедливости (в переводе, банальном соблюдении законов по букве и духу) предложу отложить до лучших времён. Ибо всё только начинается. За бабушкой Ларисой стояла несметная рать уважаемых людей при крайне ответственных должностях, пообещавшей народной артистке «порешать вопросик» тихо, по-дружески в нарушение всех мыслимых правил и законов.";4
"Подобная демонстративная наглость не является спонтанным эмоциональным решением, не вызвана ностальгическими рыданиями под саундтрек к фильму «Чародеи» («Три белых коня») или пьяные корпоративные хоровые запевы бальзаковских дам «Погода в доме». Нет, речь о системе «свой-чужой» в недрах госбюрократии. Явлении древнейшем, насквозь пропитанном духом корпоративной и сословной близости. Потому всё только начинается.";4
"Во-первых, в прямом эфире прозвучало: «Продавцу квартиры отказано в праве оспаривания сделок, право собственности на жилое помещение остаётся за покупателем». Въедливые правоведы тихо сплюнули, поскольку госпоже Долиной отказано в оспаривании договора купли-продажи, но ... Исключительно по материалам, которые были представлены Верховному Суду. Священная точка Фемиды «вердикт вынесен окончательно, обжалованию не подлежит» не прозвучал, потому для адвокатов певицы открыта дорога, как не трудно догадаться, в нижестоящий суд. Коему рекомендовано в кратчайшие сроки рассмотреть дело о выселении певицы из жилого помещения. Не приказать исполнительным документом плечистому приставу, а чуть-чуть устроить прения.";4
"Например, «рассмотреть все обстоятельства», лишь потом выносить решение. Если у бабушки Ларисы на трёх подходах к снаряду уничтожения российской правовой системы были достойные покровители, то эпопея и хождения по мукам гражданки Лурье только начинаются. Закончатся они вновь на самом верху через апелляции. Ибо хлеб с маслом любого адвоката в том и заключается: постоянно генерировать «вновь вскрывшиеся обстоятельства». Тупые, смешные, дикие, любые. Лишь бы они процесс затягивали.";4
"Тремя нижестоящими судами были за уши притянуты некие «мошенники», повлиявшие на решение высокопоставленной дивы о продаже квартиры – теперь данную тему выжмут досуха. Пока не будет на атомы отставок-увольнений прежних судебных «ошибок» разнесена сама Система, позволявшая престарелой артистке существовать в доктрине «все равны, но некоторые равнее». Как говорят злые языки, в порочном и теневом «телефонном праве», если имеешь в блокноте нужные номера-фамилии.";4
"Подобную элитарную кумовщину забороть является делом изначально гиблым, что ярко продемонстрировали три захода мадам Долиной в судебные инстанции до Верховного Суда. Тоже принявшего половинчатое решение, не рискнув на собственном этаже Верховенства мараться об откровенный блудняк своих условных подчинённых. Это профессиональная корпоративная этика, не осуждаю, но ... Даже в крайне сплочённой армейской или флотской среде подобных ренегатов люто ненавидят, устраивая демонстративные или скрытые демарши. Дабы большое начальство опамятовалось.";4
"Давайте закруглять, ибо боюсь наговорить лишнего. Верховному Суду, как в нашей подворотне говаривают – респект и уважуха. Не дотянули смердячую бодягу до Прямой Линии с президентом на этой неделе, вернули курс Государства Российского в колею справедливости и Закона.";4
"Именно последний требует от каждого дееспособного гражданина нести прямую ответственность за собственные поступки. Неважно, перед тобой до конвульсий сладостных корпоративов знаменитая певица, или никому неизвестная гражданка Лурье. Демонстративное попрание Закона, если не доказан злой умысел участника гражданской сделки о святой частной собственности – вызов всему обществу. Тоже искушённому.";4
"Но, когда аргументом судебного решения является просто личность «обманутой бабушки», тут даже для профессиональных сутяжников наступает паралич мировоззрения. Аспиды и ловчилы, теневые адвокатские корпорации, мастера проскользнуть в законодательные бреши и живущие с нашего дикого законодательного хаша уважаемые люди – и те возмутились.";4
"Как так! Есть понятие. Точнее – понятия, ударение на последнюю гласную. Общественный договор доброго народа и справедливой власти. Всегда заключавшийся в простой аксиоме: законопослушные люди делегируют через различные выборы Священное Право карать и миловать, требовать и взыскивать, придумывать и законодательно обременять свободные личности всякими державными инструментами «насилия».";4
"В ответ прося: внятно докладывая голосом через специально нанятые биологические приспособления, что именно любимое государство делает во имя Общего Блага. Простая формула ведь, придуманная ещё на первом, к сожалению не документированном, сходняке-симпозиуме какого-нибудь племенного союза из дремучих времён. Положившем начало понятию «общественный договор». Низы хотят, верхи могут. Когда случается «не», тут же наступает всякая хтоническая дрянь со смертоубийством.";4
"По делу «нулевого пациента» пандемии отмены законных сделок с недвижимостью ... решение принято, лбом в половицу самому справедливому и гуманному суде в мире. К сожалению, Верховному. Ибо прочие вниз показали свою изощрённую паскудность. По хамовничьему шаблону наклепав десятки дел, где добросовестные покупатели лишились денег и жилплощади по прецеденту «односторонней реституции» милых пенсионеров-жертв, внезапно ставших кастой юридически неприкасаемых субъектов права.";4
"Гражданке Лурье могу пожелать терпения и выдержки, ибо её настоящие проблемы только начинаются, любая порочная Система будет сражаться за собственное статусное выживание бескомпромиссно, до последнего. Здесь наступает тревожный и переломный момент, куда повернётся флюгер политических ветров. На азимут социального протеста взбешённых добрых людей, либо в сторону сложившейся системы судебной власти, где внезапно проявились крайне любопытные трактовки Закона.";4
"Новому главному Законнику Верховного Суда – респект. Вынести токсичную мешанину адвокатских истерик народной Ларисы в публичную плоскость прямой анонсированной видео-трансляции, отказав потерявшей берега диве в закрытом заседании – это поступок. Звучит диковато для практик «государства, построенного на принципах равенства перед законом», но какой-то хлеб. Свежий, не пропитанный спорыньёй ядовитого элитарного междусобойчика телефонных необременительных бесед «реши вопросик».";4
"Наш мир и государство не были, и не будут эталоном высшей справедливости, ибо эволюционная природа человеческая воспротивится. Стайная, племенная, клановая, сословная. Формирующая отдельных индивидов в подчинённые или привилегированный группы. Но есть священное понятие общественного договора, сделавшее профессию царей-королей и власть предержащих самой опасной из всех возможных. С небывалой смертностью на процент существующей популяции. Это и есть разрыв общего Договора.";4
"Умные античные греки, начинающие республиканские римляне, первые византийские кесари христианской поры смекнули в периоды жизнеспособности моделей государственности: судебная власть обязана быть публичной, непредвзятой, прозрачной и бесстрастной. Только тогда далёкое от высоких гитик податное население уверует в сущёствование Справедливости, некой существующей, но эфирной материи.";4
"Для эпизода с певуньей Ларисой – отличная иллюстрация. Когда взбудораженный охлос воспротивился неприкрытому надругательству над законом. Как оно дальше дело пойдёт ... будемо смотреть, хотя лично делать сие буду с большим напряжением силы воли. Очень стыдно, знаете ли. Когда больше года перед глазами разворачивается пошлейшая и дикая история в трёх актах ополоумевших нижестоящих судов, а когда градус общественной ненависти достигает критических величин – является Верховный.";4
"В сверкающих доспехах высшей справедливости, за рекордные (для Книги Рекордов Гиннеса) сроки берущий в рассмотрение рядовое дело банальной мошенницы. Низвергая оную в принудительное выселение. Но, опять-таки, с оговорками. Открывающими лазейку для всяческих «вновь открывшихся обстоятельств». С точки зрения политических технологий перед Прямой Линией с Президентом – безупречный ход (все совпадения случайны, само собой), а вот веры в железную волю навести порядок среди сильно расслабившихся судейских элит – не испытываю. Потому сдержанно пожелаю стойкой женщине Полине Лурье мужества. Её ждут суровые испытания.";4
"Так, пристёгиваемся и отставляем питиё, сегодня идеологическое и этно-культурологическое хулиганство на канале. Из разряда «ржали всей маршруткой», в данном конкретном случае «буханкой». Половину дороги в несколько мужицких глоток. Посмотрев забавное видео из Государственной Думы, где на серьёзных щах глава комитета по бюджету и налогам Андрей Макаров назначил всенародно любимого мультипликационного Чебурашку ... евреем. Поскольку тот прибыл из страны в ящике с апельсинами.";5
"А в те времена единственным поставщиком редкого цитрусового был якобы Израиль. Проверяем. Книга о Чебурашке, Крокодиле Гене и старухе Шапокляк была издана в 1966-ом Эдуардом Успенским, «апельсиновую сделку» с иудейцами Никиты-Кукурузника (как и прочие отношения) СССР разорвал в 1967-ом. А всенародную любовь «неизвестный науке зверёк» обрёл в 1969-ом, после первой серии «Крокодил Гена», вторая вышла в 1971-ом.";5
"Главный вопрос – апельсины. Наш старшой по ватаге, тащ подполковник в отставке вырос в черноморском портовом городе. В осведомлённой семье снабженцев одного из Всесоюзных экспортно-импортных Объединений, потому хиханьки-хаханьки над депутатом Макаровым приказал, хоть и глумливо, но прекратить. Апельсины СССР получал отовсюду. Из Грузинской ССР, Испании, Марокко, Кубы, Египта, Италии, Греции, даже Китая на перекладных.";5
По октябрь 1966-го из Израиля тоже. Потому на момент написания книги «Крокодил Гена и его друзья» в спецпайке Москонцерта для начинающего автора советской профессиональной эстрады товарища Успенского обязательно были апельсины с запоминающейся наклейкой «Jaffa».;5
"Но кушал явно и другие, поскольку оставил ниточку: «... в густом тропическом лесу жил да был очень забавный зверёк». Тот самый Чебурашка. Знакомый со слоном, жирафом, зайцем и гиппопотамом. Явно не иудейский зоопарк, африканский. Но! Не марокканский тоже, как утверждают далёкие от континентального природоведения интернет-шутники.";5
"Первый этап следствия пройден, господина Макарова призываю занести автору «Исторических Напёрстков» немного апельсинов за добротную адвокатуру. Продолжим расследование. Да, все признаки указывают на принадлежность Чебурашки к «древнему народу». Во-первых, он «лицо без гражданства и национальности», неизвестно откуда прибывшее.";5
"Отказывается самоидентифицироваться. Морочит добрым советским людям голову в зоопарке и магазине игрушек, прикидываясь химочкой. Давит на жалость бессмертной песенкой: Я был когда-то странной, игрушкой безымяннойК которой в магазине никто не подойдет. Теперь я Чебурашка, мне каждая дворняжка. При встрече сразу лапу подает. Ба! Хрестоматийный космополит! Которому «каждая дворняжка» без роду-племени лапу подаёт! А в «лапе» ничего нет случаем? Дальше. Откуда у неизвестного науке зверька такая небывалая приспособляемость, коммуникабельность и предприимчивость? Друзей находит влёт, Дом Дружбы на ровном месте открывает, выживает в ящиках и картонных коробках.";5
"А как слезу давит ... даже из зелёного (цвет мундира?) сурового Крокодила. Не имеющего по долгу службы друзей, сосредоточенного на интеллектуальном развитии (сам с собой в шахматы режется), разгуливающего с узнаваемой манерой товарища Сталина держать трубку. Да, крокодил «работает в зоопарке крокодилом», что указывает на глубокую агентурную проработку образа рыцаря без страха и упрёка. Давшего течь и слабину ...";5
"Ещё один аргумент в пользу бдительного господина Макарова. Сам Эдуард Успенский, как известно, был евреем. Как и его вечный соратник режиссер Роман Качанов, принадлежавший к общине ашкенази города Смоленска. Потерявший семью во время немецкой оккупации. В коллективе студии «Союзмультфильма», делавшего советский анимационный шедевр о Чебурашке, таковых было через одного. Режиссер-мультипликатор Леонид Шварцман, операторы Иосиф Голомб и Теодор Бунимович и тд.";5
"Создавших образ хрестоматийного «советского еврея», попавшего в какую-то нехорошую историю, горячо желающего обрести своё место в обществе. Чеб'гуашка изгнан из сферы советской торговли, продавец отправляет непонятное существо в зоопарк с неполным набором документов. Куском обёрточной бумаги, в которую были завёрнуты апельсины. Ничего себе паспорт! Без «пятой графы»! Как тонко иронизировал друг режиссёра в книге «Леонид Шварцман. Мастер образа», великий мастер в Чебурашку воплощал «неведомую зверушку: полумедведя, полуобезьяну, полуапельсин».";5
Очень желавшую от сердобольных людей получить национальную и сущностную идентификацию. Но сторож зоопарка не рискнул взять на себя страшную ответственность и произнести табуированное слово «космополит». Потому «неизвестный науке зверь» убыл в магазин уцененных товаров крутить юлу на витрине. С записью в приходной книге «бракованная игрушка».;5
"И жить в телефонной будке, любом пристанище отовсюду гонимых советских алкашей и бомжей в непогоду. Отвечая на вопрос наивной девочки о происхождении ... «я не знаю». Явно Галя непростая тоже была, агент. Ведь давший трещину особист Гена неспособен найти в Конторе записей о «Чебурашке». Задумчиво роясь в каталоге учётных карточек на специальных людей под кличками «Чай» и «Чемодан», списках разрабатываемых антисоветских групп «Чебуреки»/«Чебоксары».";5
"Помогая от всего сердобольного ливера «неведомой зверушке», Крокодил со сталинской трубкой в пасти всё-таки остаётся профессионалом до хлястика зелёной формы. Когда прибывший космополит старается внедриться в специальное советское учреждение через желание «научиться читать по-русски, закончить школу, устроиться в зоопарк на работу» по протекции своего нового друга – опытный спецслужбист Геннадий мудро отвечает: «Нет, тебе не разрешено работать в зоопарке с нами ... Ну что, почему- почему? Да они просто съедят тебя!». Тут в адвокатских рассуждениях автора (и половины состава волонтёрской «буханки») есть слабое место. Непонятно, по какой причине организация «Зоопарк» не сможет принять неведомую зверушку в ряды. Графа «национальность» подводит? Вряд ли, советская Родина к подобным вопросам была милосердна до полного интернационализма. Может, «импортное тропическое происхождение» героя мешает? Цвет кожи шкуры (из сионистов что ли?), уши (сомнительная биография?) или просто Чебурашку собираются использовать «подсадной уткой», разовым расходным материалом.";5
"Тогда роль молодого пятидесятилетнего Крокодила (1965-50=1915 года рождения и помнящего самого Ильича по малолетке!) начинает играть новыми красками. Не сломался старый коммунист, не повёлся на жалобное «я был когда-то странной, игрушкой безымянной», не предал Зоопарк! А исподволь сам разжалобил мутную личность историями круглого одиночества. Заставил неизвестную зверушку писать объявления от руки. Собирая на конспиративной квартире железного нервами Геннадия тайное сообщество «Дом Друзей».";5
"Например, пса Тобика специальный агент Галина вербует напротив некоего желтого здания. Москвичи, узнаёте? Правильно, точная копия Московской Хоральной Синагоги с неоклассической колоннадой.";5
А как похож детский писатель и столп советской еврейской литературы на идиш Шолом-Алейхем (настоящее имя Соломон Наумович Рабинович) на интеллектуала-льва Чандра!;5
"Тут товарищ Успенский опасно по лезвию прошёл, сообщив пастью майора Геннадия грустное: «Знаете ли вы, сколько людей в нашем городе также одиноки, как Тобик и Чандр! Никто не сочувствует, когда им грустно».";5
"Так, теперь серьёзно, хотя подмывает продолжить дальше раскручивать маховик этнического происхождения Чебурашки, угадывать профессиональные и социальные портреты «его друзей». Понятно, гениальные советские мультипликаторы-евреи эзоповыми методами нарисовали фантазийный образ «нелегального безбилетника» соответствующего происхождения. Вместо Земли Обетованной выбравшего социализацию в Стране Советов.";5
"Прошедшего через горнило абсурдных правил, мучительной идентификации, требований к «правильному» социальному статусу. Эдуард Успенский пишет во «Вступлении, которое можно и не читать»: «Чебурашку сделали на игрушечной фабрике, но сделали так плохо, что невозможно было сказать, кто же он такой: заяц, собака, кошка или вообще австралийский кенгуру? Глаза у него были большие и жёлтые, как у филина, голова круглая, заячья, а хвост коротенький и пушистый, такой, какой бывает обычно у маленьких медвежат»";5
"Перед нами гениальный образец столь умилительного искреннего гротеска, который полностью объясняет неимоверную популярность Чебурашки не только среди советских детей и взрослых, а тонко понимающих подобные материи ... японцев. Там «неведомая зверушка» популярнее императора, если что. А если разбираться в идеологических подтекстах героев, то получим простой ответ: перед нами два маргинала. Одного выперли из продуктовой базы, не взяли в зоопарк, сдали в «уценёнку» рекламировать рухлядь.";5
"Второй, который Крокодил, работающий крокодилом – внешне успешен. Есть уважаемая работа с личным прудиком и парком, дом, стильный гардероб с тросточкой, трубкой и шляпой. При этом полное одиночество.";5
"А попытки войти в советское общество с другого хода (попытка вступить в пионеры с Чебурашкой) проваливаются. Ведь «молодой крокодил 50-ти лет просит звонить три с половиной раза» не умеет маршировать строем и мастерить скворечники. Потому главные герои и создают собственный мирок Дома Дружбы. Через мультипликационную сатиру, высмеивающую перекосы советской косной пропаганды. С портретами лодырей и хулиганов на стенах, большим начальником Иван Ивановичем, «делающим все наполовину» и отчаянно врущем корреспонденте. А история с гвоздями ... вообще фурор, приговор советскому дефициту. Смешной и добрый.";5
"Маргиналы Гена и Чебурашка плоть от плоти «советские». Не помещающиеся в стальные каркасы образов строителей коммунизма. Но они добрые и живые, оставляют с носом «собирающую злые дела» девиантную Шапокляк, явного врага общества. А разговоры об этнической принадлежности Чебурашки – это позор, честное слово, господин депутат Макаров.";5
"Не нужны мне ваши апельсины за глубокую разработку темы «еврейства», поскольку национальность определяется родителями, сознательной идентификацией индивида в определённом культурно-традиционном поле. Отечество – это «где живёшь», а Родина – как именно. Потому Чебурашка, мечтавший научиться читать по-русски и закончить советскую школу, наш зверёк. Пусть даже неизвестный науке. Советский.";5
